entreprise,emplacement
GEN 42,NV BIB RDC
SARL CorpoSense,Cyber
Factory Digitale,NV BIB RDC
Yucca Labs,Cyber
Sirius Net,BIB RDC
Legal doctrine,AUDITO ETAGE
Easy Relay,BIB RDC
Centre Commercial Mohammedia,NV BIB ETAGE
SARL DATAGIX,BIB RDC
EURL DZ-IT,NV BIB RDC
Kdconcept,NV BIB ETAGE
Goubba Solutions,Cyber
INTELLIX,Cyber
Data Bridges,NV BIB ETAGE
EY Algérie,AUDITO ETAGE
Business Leads Algeria,NV BIB ETAGE
EURL BRENCO,AUDITO RDC
COERA,NV BIB ETAGE
TECHNOSOFT,AUDITO RDC
Solic Algérie,AUDITO ETAGE
AITech,BIB RDC
BIGmama Technology,NV BIB RDC
Grant Thornton Algeria,NV BIB ETAGE
SARL MICROM,AUDITO RDC
Smeetz,Cyber
Startup Bougie,BIB RDC
EURL GGESC,BIB RDC
HiveDigit,NV BIB RDC
KPMG Algérie SPA,Cyber
EURL DZMOB,AUDITO ETAGE
NetBeOpen,Cyber
Triz Tech,BIB RDC
sarl cosoft,AUDITO ETAGE
sarl brainiac,NV BIB ETAGE
EURL SOSETEL,Cyber
SMARTEST,NV BIB RDC
CASH ASSURANCES,BIB RDC
OUEDKNISS,AUDITO RDC
GARINI,NV BIB ETAGE
Jow,AUDITO ETAGE
DZHOSTER,NV BIB RDC
GOMYCODE Algeria,NV BIB RDC
Pwc,NV BIB RDC
